"empno","firstname","lastname","jobcode","orgnum"
"001","Alice","Anderson","S006","ExAmPLE/Sales and Marketing Division/Direct Sales Department"
"002","Bob","Brown","S007","ExAmPLE/Sales and Marketing Division/Indirect Sales Department/Agent Management Section"
"003","Carol","Cooper","S008","ExAmPLE/Sales and Marketing Division/Marketing Department/Brand Awareness Section"
"004","David","Davies","","ExAmPLE/Sales and Marketing Division/Marketing Department/Creative Section/Special Marketing Task Force"
"005","Erin","Evans","B001","ExAmPLE/Sales and Marketing Division/Marketing Department/Creative Section"
"006","Frank","Fox","O123","ExAmPLE/Operations Division/Legal Department/Corporate Counsel Section"
"007","George","Green","B005","ExAmPLE/Operations Division/IT Department/System Administration Section"
"008","Harry","Harris","X001","ExAmPLE/Operations Division/Backoffice Section"
"009","Isabella","Irvine","X002","ExAmPLE/Sales and Marketing Division/Direct Sales Department"
"010","Jack","Jones","X003","ExAmPLE/Sales and Marketing Division/Indirect Sales Department"
"011","Kate","Knowles","S007","ExAmPLE/Operations Division/IT Department/Software Development Section"
"012","Lily","Lewis","S008","ExAmPLE/Operations Division"
"013","Max","Morgan","S007","ExAmPLE/Operations Division/IT Department/System Administration Section"
"014","Nathan","Newman","B001","ExAmPLE/Operations Division/IT Department/Enterprise Architecture Section"
"015","Oliver","Owen","B002","ExAmPLE/Controlling Division/Financial Audit Department"
"016","Peter","Phillips","X001","ExAmPLE/Operations Division/IT Department/System Administration Section"
"017","Quentin","Quinn","G001","ExAmPLE/Controlling Division/Security Department/Physical Security Section"
"018","Roger","Russell","G002","ExAmPLE/Operations Division/IT Department/Software Development Section"
"019","Sophia","Simpson","S007","ExAmPLE/Controlling Division/Security Department/Information Security Section/Information Security Office"
"020","Thomas","Turner","X002","ExAmPLE/Sales and Marketing Division/Indirect Sales Department"
"021","Uma","Underhill","B005","ExAmPLE/Operations Division/IT Department"
"022","Violet","Vickers","B001","ExAmPLE/Operations Division/Backoffice Section"
"023","William","Walker","X001","ExAmPLE/Controlling Division/Security Department"
"024","Xenia","Xanadu","","ExAmPLE/Sales and Marketing Division/Marketing Department/Creative Section"
"025","Yasmine","Young","S008","ExAmPLE/Controlling Division/Financial Audit Department"
"026","Zed","Zimmerman","S007","ExAmPLE/Controlling Division/Security Department/Information Security Section/Information Security Office"
